{
  "Negative": {
    "f1-score": 0.7833235466823253,
    "precision": 0.7823391420911529,
    "recall": 0.7843104317151016,
    "support": 5953.0
  },
  "Neutral": {
    "f1-score": 0.5020973154362416,
    "precision": 0.5638247762600094,
    "recall": 0.45255198487712667,
    "support": 2645.0
  },
  "Positive": {
    "f1-score": 0.7925990353443504,
    "precision": 0.7620495666717348,
    "recall": 0.8257001647446458,
    "support": 6070.0
  },
  "accuracy": 0.7416143986910281,
  "macro avg": {
    "f1-score": 0.6926732991543059,
    "precision": 0.7027378283409657,
    "recall": 0.6875208604456247,
    "support": 14668.0
  },
  "weighted avg": {
    "f1-score": 0.7364500011773212,
    "precision": 0.7345392906854232,
    "recall": 0.7416143986910281,
    "support": 14668.0
  }
}