stage,count,min,median,mean,max
raw_content,96534,2,37.0,64.01472020220855,636
text_indobert,96534,2,37.0,64.01078376530549,628
text_svm,96534,2,37.0,63.076646570120374,737
