{
  "Negative": {
    "f1-score": 0.7861867537153165,
    "precision": 0.8045007032348804,
    "recall": 0.76868805644213,
    "support": 5953.0
  },
  "Neutral": {
    "f1-score": 0.5562036891061012,
    "precision": 0.4770146024878313,
    "recall": 0.6669187145557656,
    "support": 2645.0
  },
  "Positive": {
    "f1-score": 0.7855884425651868,
    "precision": 0.8441878076486179,
    "recall": 0.7345963756177925,
    "support": 6070.0
  },
  "accuracy": 0.7362285246795746,
  "macro avg": {
    "f1-score": 0.7093262951288682,
    "precision": 0.7085677044571099,
    "recall": 0.7234010488718962,
    "support": 14668.0
  },
  "weighted avg": {
    "f1-score": 0.7444675721927735,
    "precision": 0.7618704869351424,
    "recall": 0.7362285246795746,
    "support": 14668.0
  }
}