run_name,accuracy,macro_f1,weighted_f1,negative_f1,neutral_precision,neutral_recall,neutral_f1,positive_f1
run_1_baseline,0.7416143986910281,0.6926732991543059,0.7364500011773212,0.7833235466823253,0.5638247762600094,0.45255198487712667,0.5020973154362416,0.7925990353443504
run_2_weighted_loss,0.7328197436596673,0.7033754261433636,0.7403101705141074,0.7867059318468658,0.4723702664796634,0.6366729678638942,0.5423510466988728,0.7810692998843519
run_3_weighted_loss_lr_1e-5,0.7577038451049904,0.7283657684678827,0.7634036059725428,0.7993055555555556,0.5134734971868522,0.6555765595463138,0.57588840916639,0.8099033406817026
