{
  "Negative": {
    "f1-score": 0.7993055555555556,
    "precision": 0.8270163463265673,
    "recall": 0.7733915672770032,
    "support": 5953.0
  },
  "Neutral": {
    "f1-score": 0.57588840916639,
    "precision": 0.5134734971868522,
    "recall": 0.6555765595463138,
    "support": 2645.0
  },
  "Positive": {
    "f1-score": 0.8099033406817026,
    "precision": 0.8343815513626834,
    "recall": 0.7868204283360791,
    "support": 6070.0
  },
  "accuracy": 0.7577038451049904,
  "macro avg": {
    "f1-score": 0.7283657684678827,
    "precision": 0.7249571316253677,
    "recall": 0.7385961850531321,
    "support": 14668.0
  },
  "weighted avg": {
    "f1-score": 0.7634036059725428,
    "precision": 0.7735247972806631,
    "recall": 0.7577038451049904,
    "support": 14668.0
  }
}