{
  "method": "sklearn.utils.class_weight.compute_class_weight(class_weight='balanced')",
  "run_name": "run_3_weighted_loss_lr_1e-5",
  "train_distribution": {
    "Negative": 27590,
    "Neutral": 12099,
    "Positive": 27884
  },
  "weights_by_id": {
    "0": 0.8163948290443397,
    "1": 1.8616690084579992,
    "2": 0.807787022426242
  },
  "weights_by_label": {
    "Negative": 0.8163948290443397,
    "Neutral": 1.8616690084579992,
    "Positive": 0.807787022426242
  }
}