{
  "Negative": {
    "f1-score": 0.8000351741118537,
    "precision": 0.8333028027111192,
    "recall": 0.7693218332487739,
    "support": 5913.0
  },
  "Neutral": {
    "f1-score": 0.5775147928994083,
    "precision": 0.5141481035520771,
    "recall": 0.6586964905514847,
    "support": 2593.0
  },
  "Positive": {
    "f1-score": 0.8155888650963597,
    "precision": 0.8352631578947368,
    "recall": 0.7968200836820084,
    "support": 5975.0
  },
  "accuracy": 0.7608590566949797,
  "macro avg": {
    "f1-score": 0.7310462773692072,
    "precision": 0.727571354719311,
    "recall": 0.741612802494089,
    "support": 14481.0
  },
  "weighted avg": {
    "f1-score": 0.7666077834032392,
    "precision": 0.7769631153485558,
    "recall": 0.7608590566949797,
    "support": 14481.0
  }
}