epoch,loss,eval_loss,eval_accuracy,eval_precision_macro,eval_recall_macro,eval_f1_macro,eval_f1_weighted,learning_rate,grad_norm,step,eval_precision_weighted,eval_recall_weighted,eval_runtime,eval_samples_per_second,eval_steps_per_second,train_runtime,train_samples_per_second,train_steps_per_second,total_flos,train_loss
1.0,0.7048817510190217,,,,,,,6.667445846968989e-06,4.976522922515869,4278,,,,,,,,,,
1.0,,0.6608350872993469,0.7118216525770384,0.705007970794429,0.7217920579498154,0.6941573027709724,0.7259937401110423,,,4278,0.7668443746991458,0.7118216525770384,51.3913,285.418,17.843,,,,,
2.0,0.5986642574472593,,,,,,,3.3341125136356554e-06,5.902961730957031,8556,,,,,,,,,,
2.0,,0.6642228364944458,0.7373193346059449,0.7102099536029632,0.7248051234460102,0.7105544401327871,0.7458162233140073,,,8556,0.7639983754940161,0.7373193346059449,51.3654,285.562,17.852,,,,,
3.0,0.5322165754477852,,,,,,,7.791803023219574e-10,5.403125286102295,12834,,,,,,,,,,
3.0,,0.6848518252372742,0.7329560949004635,0.7113933317526304,0.7282618895535155,0.7094849041466699,0.7433454525116369,,,12834,0.7678223720765343,0.7329560949004635,51.4555,285.062,17.821,,,,,
3.0,,,,,,,,,,12834,,,,,,2538.8359,80.879,5.055,5879529349189524.0,0.6119208613046887
