epoch,loss,eval_loss,eval_accuracy,eval_precision_macro,eval_recall_macro,eval_f1_macro,eval_f1_weighted,learning_rate,grad_norm,step,eval_precision_weighted,eval_recall_weighted,eval_runtime,eval_samples_per_second,eval_steps_per_second,train_runtime,train_samples_per_second,train_steps_per_second,total_flos,train_loss
1.0,0.663783718571032,,,,,,,6.667445846968989e-06,7.633913993835449,4278,,,,,,,,,,
1.0,,0.60178142786026,0.7442050722661576,0.7215528111186673,0.739861312560003,0.7204952680495541,0.7540050582178129,,,4278,0.7775277779841437,0.7442050722661576,53.2496,275.458,17.221,,,,,
2.0,0.5531447001738546,,,,,,,3.3341125136356554e-06,4.688095569610596,8556,,,,,,,,,,
2.0,,0.6019030213356018,0.7634987728388328,0.7313087662117136,0.7457440327690397,0.735055992971196,0.7690306215505474,,,8556,0.7790494048167833,0.7634987728388328,53.3036,275.178,17.203,,,,,
3.0,0.4871651541133415,,,,,,,7.791803023219574e-10,4.038444519042969,12834,,,,,,,,,,
3.0,,0.6289117932319641,0.7631578947368421,0.731448685973911,0.7464542763205809,0.7349045105178448,0.7691019451714584,,,12834,0.7803324431090762,0.7631578947368421,53.6767,273.266,17.084,,,,,
3.0,,,,,,,,,,12834,,,,,,2436.1101,84.289,5.268,5981319297099468.0,0.5680311909527427
