stage,count,min,median,mean,max
raw_content,97782,1,36.0,63.37618375570146,636
text_indobert,97782,1,36.0,63.36956699597063,628
text_svm,97782,0,36.0,62.38452884989057,737
