{
  "Negative": {
    "f1-score": 0.7791935765404084,
    "precision": 0.8108991825613079,
    "recall": 0.7498740131026373,
    "support": 5953.0
  },
  "Neutral": {
    "f1-score": 0.5109284840006995,
    "precision": 0.4752765126870527,
    "recall": 0.5523629489603025,
    "support": 2645.0
  },
  "Positive": {
    "f1-score": 0.791841434328481,
    "precision": 0.7906060108392182,
    "recall": 0.7930807248764415,
    "support": 6070.0
  },
  "accuracy": 0.7321379874556858,
  "macro avg": {
    "f1-score": 0.6939878316231963,
    "precision": 0.6922605686958595,
    "recall": 0.6984392289797938,
    "support": 14668.0
  },
  "weighted avg": {
    "f1-score": 0.736052816178128,
    "precision": 0.74198034467131,
    "recall": 0.7321379874556858,
    "support": 14668.0
  }
}