{
  "Negative": {
    "f1-score": 0.7867059318468658,
    "precision": 0.7880984490896831,
    "recall": 0.785318326894003,
    "support": 5953.0
  },
  "Neutral": {
    "f1-score": 0.5423510466988728,
    "precision": 0.4723702664796634,
    "recall": 0.6366729678638942,
    "support": 2645.0
  },
  "Positive": {
    "f1-score": 0.7810692998843519,
    "precision": 0.8489653838715916,
    "recall": 0.7232289950576606,
    "support": 6070.0
  },
  "accuracy": 0.7328197436596673,
  "macro avg": {
    "f1-score": 0.7033754261433636,
    "precision": 0.703144699813646,
    "recall": 0.7150734299385193,
    "support": 14668.0
  },
  "weighted avg": {
    "f1-score": 0.7403101705141074,
    "precision": 0.7563532385035555,
    "recall": 0.7328197436596673,
    "support": 14668.0
  }
}