scenario,class_count,accuracy,precision_macro,recall_macro,f1_macro,precision_weighted,recall_weighted,f1_weighted,min_class_f1
merged_5class,5,0.9506019095060191,0.9418244819002778,0.9399014429282747,0.9404117616493985,0.9505752098929569,0.9506019095060191,0.9504830873456026,0.9012875536480687
