aspect_label_confidence,count,percentage
medium,9811,57.769534240122475
high,7172,42.230465759877525
