aspect_label_confidence,count,percentage
medium,9806,57.76049949932261
high,7171,42.23950050067739
