aspect_label,count,percentage
Features & Content,7767,45.73396926338103
Ads Experience,4691,27.62173938644527
Subscription & Pricing,2840,16.722604957899076
Performance & Stability,778,4.581051639875169
Account/Login,640,3.768474356709651
Audio Quality,219,1.2895248189365838
UI/UX,48,0.2826355767532238
